<?xml version="1.0" encoding="UTF-8" standalone="yes"?>
<addon id="plugin.video.daffyslist" name="Daffyslist" version="1.1.3" provider-name="Daffyslist">
	<requires>
		<import addon="xbmc.python" version="2.1.0" />
		<import addon="plugin.video.youtube" version="5.2.1" optional="true" />
		<import addon="script.module.pyxbmct" version="1.1.4" />
		<import addon="script.module.urlresolver" version="3.0.0"/>
		<import addon="script.module.liveresolver" version="0.1.24"/>
		<import addon="script.video.F4mProxy" version="2.2.3"/>
	</requires>
	<extension point="xbmc.python.pluginsource" library="default.py">
		<provides>video</provides>
	</extension>
  <extension point="xbmc.addon.metadata">
    <summary>Have a look</summary>
    <description>I work alone and have a fulltime job!!! i will update
	and work on this addon aslong as kodi is alive!! please bare with.
	Daffy loves ya
	Thats all Folks
    </description>
    <platform>all</platform>
  </extension>
</addon>