<?xml version="1.1" encoding="UTF-8" standalone="yes"?>
<addon id="plugin.video.stealthstreams"
       name="Stealth Streams"
       version="1.6"
       provider-name="StealthStreams">
  <requires>
    <import addon="xbmc.python" version="2.1.0"/>
  </requires>
  <extension point="xbmc.python.pluginsource"
            library="default.py">
        <provides>video</provides>
  </extension>
  <extension point="xbmc.addon.metadata">
    <summary lang="en">Stealth Streams</summary>
    <language>en</language>
    <description lang="en">StealthStreams official addon - Supplying only the best quality of streams for Live TV / PPV / Sports / Kids / Movies / Entertainment. You know where to find us!</description>
     <platform>all</platform>
  </extension>
</addon>
