<?xml version="1.0" encoding="UTF-8"?>
    <addon id="repository.kodiuktv" name="KODIUKTV Repo" version="1.0.0" provider-name="KODIUKTV">
        <requires>
            <import addon="xbmc.addon" version="12.0.0"/>
        </requires>
        <extension point="xbmc.addon.repository" name="KODIUKTV Repo">
            <info compressed="false">https://raw.github.com/kodiuktv/kodiuktv/master/_repo/addons.xml</info>
            <checksum>https://raw.github.com/kodiuktv/kodiuktv/master/_repo/addons.xml.md5</checksum>
            <datadir zip="true">https://raw.github.com/kodiuktv/kodiuktv/master/_repo/</datadir>
            <hashes>false</hashes>
        </extension>
        <extension point="xbmc.addon.metadata">
            <summary>The official KODIUKTV Repo</summary>
            <description>The home of all KODIUKTV Addons - Community Addons. Find us online at kodiuktv</description>
            <platform>all</platform>
    </extension>
</addon>